OBJECTID,STATE,COUNTY,STATEFP,COUNTYFP,GEOID,NAME,SUMLEVEL,LOGRECNO,ACRES,SQMI,TOTAL_POP,POP_PER_SQMI,MALE,PCT_MALE,FEMALE,PCT_FEMALE,MEDIAN_AGE,UNDER5,PCT_UNDER5,AGE5TO9,PCT_AGE5TO9,AGE10TO14,PCT_AGE10TO14,AGE15TO19,PCT_AGE15TO19,AGE20TO24,PCT_AGE20TO24,AGE25TO34,PCT_AGE25TO34,AGE35TO44,PCT_AGE35TO44,AGE45TO54,PCT_AGE45TO54,AGE55TO59,PCT_AGE55TO59,AGE60TO64,PCT_AGE60TO64,AGE65TO74,PCT_AGE65TO74,AGE75TO84,PCT_AGE75TO84,AGE85PLUS,PCT_AGE85PLUS,AGE18PLUS,PCT_AGE18PLUS,AGE21PLUS,PCT_AGE21PLUS,AGE62PLUS,PCT_AGE62PLUS,AGE65PLUS,PCT_AGE65PLUS,POP_FOR_RACE,HISPANIC,PCT_HISPANIC,WHITE_NON_HISPANIC,PCT_WHITE_NON_HISPANIC,BLACK_NON_HISPANIC,PCT_BLACK_NON_HISPANIC,NATIVE_NON_HISPANIC,PCT_NATIVE_NON_HISPANIC,ASIAN_NON_HISPANIC,PCT_ASIAN_NON_HISPANIC,PACIFIC_NON_HISPANIC,PCT_PACIFIC_NON_HISPANIC,OTHER_NON_HISPANIC,PCT_OTHER_NON_HISPANIC,TWO_OR_MORE_NON_HISPANIC,PCT_TWO_OR_MORE_NON_HISPANIC,MINORITY_POP,PCT_MINORITY_POP,AGE25PLUS,LT9GRADE,PCT_LT9GRADE,NOHSDIPLOMA,PCT_NOHSDIPLOMA,HSGRAD,PCT_HSGRAD,SOMECOLLEGE,PCT_SOMECOLLEGE,ASSOCIATES,PCT_ASSOCIATES,BACHELORS,PCT_BACHELORS,GRADPROF,PCT_GRADPROF,AGE5PLUS,SPEAK_ONLY_ENG,PCT_SPEAK_ONLY_ENG,SPEAK_OTHER_LANGS,PCT_SPEAK_OTHER_LANGS,SPEAK_ENG_VERYWELL,PCT_SPEAK_ENG_VERYWELL,LIMITED_ENG_PROF,PCT_LIMITED_ENG_PROF,SPEAK_ENG_WELL,PCT_SPEAK_ENG_WELL,SPEAK_ENG_NOTWELL,PCT_SPEAK_ENG_NOTWELL,SPEAK_ENG_NOTATALL,PCT_SPEAK_ENG_NOTATALL,CIV_POP_18PLUS,VETERANS,PCT_VETERANS,MALE_VETERANS,PCT_MALE_VETERANS,FEMALE_VETERANS,PCT_FEMALE_VETERANS,VETS_18TO34,PCT_VETS_18TO34,VETS_35TO54,PCT_VETS_35TO54,VETS_55TO64,PCT_VETS_55TO64,VETS_65TO74,PCT_VETS_65TO74,VETS_75PLUS,PCT_VETS_75PLUS,TOTAL_HOUSEHOLDS,AVG_HH_SIZE,FAMILY_HOUSEHOLDS,PCT_FAMILY_HOUSEHOLDS,MARRIED_COUPLE_FAMILY,PCT_MARRIED_COUPLE_FAMILY,FEMALE_HOUSEHOLDER_NOHUSB,PCT_FEMALE_HOUSEHOLDER_NOHUSB,FEMALE_HH_CHILD_UNDER18,PCT_FEMALE_HH_CHILD_UNDER18,NON_FAMILY_HOUSEHOLDS,PCT_NON_FAMILY_HOUSEHOLDS,NONFAM_HH_LIVE_ALONE,PCT_NONFAM_HH_LIVE_ALONE,TOTAL_HH_FOR_INCOME,MEDIAN_HOUSEHOLD_INCOME,HH_LESS_THAN_10K,PCT_HH_LESS_THAN_10K,HH_10K_TO_14K,PCT_HH_10K_TO_14K,HH_15K_TO_24K,PCT_HH_15K_TO_24K,HH_25K_TO_34K,PCT_HH_25K_TO_34K,HH_35K_TO_49K,PCT_HH_35K_TO_49K,HH_50K_TO_74K,PCT_HH_50K_TO_74K,HH_75K_TO_99K,PCT_HH_75K_TO_99K,HH_100K_TO_149K,PCT_HH_100K_TO_149K,HH_150K_TO_199K,PCT_HH_150K_TO_199K,HH_200K_PLUS,PCT_HH_200K_PLUS,POP_FOR_POVERTY,INCOME_BELOW_POVERTY,PCT_INCOME_BELOW_POVERTY,INCOME_BELOW_150PCT_POVERTY,PCT_INCOME_BELOW_150PCT_POVERTY,INCOME_BELOW_200PCT_POVERTY,PCT_INCOME_BELOW_200PCT_POVERTY,TOTAL_FAMILIES,FAM_INCOME_BELOW_POVERTY,PCT_FAM_INCOME_BELOW_POVERTY,MARRIEDCOUPLE_BELOWPOV,PCT_MARRIEDCOUPLE_BELOWPOV,COUPLE_BLWPOV_CHILDUNDER18,PCT_COUPLE_BLWPOV_CHILDUNDER18,FEMALE_BLWPOV_NOHUSB,PCT_FEMALE_BLWPOV_NOHUSB,FEMALE_BLWPOV_CHILDUNDER18,PCT_FEM_BLWPOV_CHILDUNDER18,MALE_BLWPOV_NOWIFE,PCT_MALE_BLWPOV_NOWIFE,MALE_BLWPOV_CHILDUNDER18,PCT_MALE_BLWPOV_CHILDUNDER18,TOT_WORKERS_16PLUS,DROVE_ALONE,PCT_DROVE_ALONE,CARPOOLED,PCT_CARPOOLED,PUBLIC_TRANSPORTATION,PCT_PUBLIC_TRANSPORTATION,BICYCLE,PCT_BICYCLE,WALKED,PCT_WALKED,TAXI_MOTORCYCLE_OR_OTHER,PCT_TAXI_MOTORCYCLE_OR_OTHER,WORKED_FROM_HOME,PCT_WORKED_FROM_HOME,CIVILIAN_EMPLOYED_16_PLUS,MGBIZSCIART,PCT_MGBIZSCIART,MGBIZFIN,PCT_MGBIZFIN,MGMT,PCT_MGMT,BIZFIN,PCT_BIZFIN,COMPENGSCI,PCT_COMPENGSCI,COMPMATH,PCT_COMPMATH,ARCHENGIN,PCT_ARCHENGIN,LIFEPHYSSOCSCI,PCT_LIFEPHYSSOCSCI,EDULEGCOMARTMEDIA,PCT_EDULEGCOMARTMEDIA,COMMSOCSERV,PCT_COMMSOCSERV,LEGAL,PCT_LEGAL,EDUTRAINLIB,PCT_EDUTRAINLIB,ARTENTSPORTMEDIA,PCT_ARTENTSPORTMEDIA,HEALTHTECHNICAL,PCT_HEALTHTECHNICAL,HEALTHDIAGTECHOCC,PCT_HEALTHDIAGTECHOCC,HEALTHTECH,PCT_HEALTHTECH,SERVICEOCC,PCT_SERVICEOCC,HEALTHSUPPORT,PCT_HEALTHSUPPORT,PROTECTIVESERV,PCT_PROTECTIVESERV,FIREFIGHTING,PCT_FIREFIGHTING,LAWENFORCEMENT,PCT_LAWENFORCEMENT,FOODPREP,PCT_FOODPREP,GROUNDSMAINT,PCT_GROUNDSMAINT,PERSONALCARE,PCT_PERSONALCARE,SALESOFFICEOCC,PCT_SALESOFFICEOCC,SALESOCC,PCT_SALESOCC,OFFICEADMIN,PCT_OFFICEADMIN,NATRESOURCES,PCT_NATRESOURCES,FARMFISH,PCT_FARMFISH,CONSTRUCTION,PCT_CONSTRUCTION,INSTREPAIR,PCT_INSTREPAIR,PRODTRANSMATERIAL,PCT_PRODTRANSMATERIAL,PRODUCTION,PCT_PRODUCTION,TRANSPORTATION,PCT_TRANSPORTATION,MATERIALMOVING,PCT_MATERIALMOVING,TOTAL_HOUSING_UNITS,ONE_UNIT_DETACHED,PCT_ONE_UNIT_DETACHED,ONE_UNIT_ATTACHED,PCT_ONE_UNIT_ATTACHED,TWO_TO_NINE_UNITS,PCT_TWO_TO_9_UNITS,TEN_OR_MORE_UNITS,PCT_TEN_OR_MORE_UNITS,MOBILE_HOME,PCT_MOBILE_HOME,BOAT_RV_VAN_ETC,PCT_BOAT_RV_VAN_ETC,TOTHU_FOR_OCPNCYVCNCY,OCCUPIED_HU,PCT_OCCUPIED_HU,AVG_HOUSEHOLD_SIZE,OWNER_OCC_HU,PCT_OWNER_OCCUPIED_HU,AVG_HH_SIZE_OWNER_HU,MEDIAN_VALUE,RENTER_OCC_HU,PCT_RENTER_OCCUPIED_HU,AVG_HH_SIZE_RENTER_HU,MEDIAN_GROSS_RENT,VACANT_HU,PCT_VACANT_HU,SEASONAL_VACANT,PCT_SEASONAL_VACANT,ALL_OTHER_VACANT,PCT_ALL_OTHER_VACANT,TOTAL_OCCUPIED_HU,NO_VEHICLE,PCT_NO_VEHICLE,ONE_VEHICLE,PCT_ONE_VEHICLE,TWO_VEHICLES,PCT_TWO_VEHICLES,THREE_PLUS_VEHICLES,PCT_THREE_PLUS_VEHICLES,CIV_NONINST_POP,DISABILITY,PCT_DISABILITY,Shape__Area,Shape__Length
1,AZ,Gila,04,007,04007,Gila County,050,0000016,3069404.14040114,4795.94875344601,53400,11.1343975395131,26370,49.3820224719101,27030,50.6179775280899,49.7,3039,5.69101123595506,2967,5.5561797752809,3108,5.82022471910112,2573,4.81835205992509,2758,5.16479400749064,5188,9.71535580524345,4512,8.44943820224719,5960,11.1610486891386,4023,7.53370786516854,4489,8.4063670411985,8652,16.2022471910112,4746,8.8876404494382,1385,2.5936329588015,42551,79.6835205992509,41200,77.1535580524345,17504,32.7790262172285,14783,27.6835205992509,53400,9992,18.7116104868914,33335,62.4250936329588,305,0.571161048689139,8410,15.749063670412,471,0.882022471910112,0,0,0,0,887,1.66104868913858,20065,37.5749063670412,38955,1575,4.04312668463612,4143,10.6353484790142,11144,28.607367475292,11761,30.1912463098447,3106,7.97330252855859,4590,11.7828263380824,2636,6.76678218457194,50361,41709,82.8200393161375,8652,17.1799606838625,6457,74.6301433194637,2195,25.3698566805363,1303,59.3621867881549,688,31.3439635535308,204,9.29384965831435,42551,5381,12.6460012690654,5071,94.2389890354953,310,5.76101096450474,59,1.09645047388961,586,10.8901691135477,818,15.2016353837577,2210,41.0704330050177,1708,31.7413120237874,21708,2.42,13715,63.1794730053437,9990,72.8399562522785,2595,18.9208895370033,1225,47.2061657032755,7993,36.8205269946563,6767,84.6615788815213,21708,42092,1998,9.20398009950249,1507,6.94214114612125,3027,13.9441680486457,2564,11.8113138013636,3554,16.3718444812972,3714,17.1088999447208,2485,11.4473926662981,1838,8.46692463607886,640,2.94822185369449,381,1.7551133222775,52501,11807,22.489095445801,18210,34.6850536180263,24058,45.8238890687796,13715,2105,15.3481589500547,872,41.4251781472684,546,62.6146788990826,1016,48.2660332541568,868,85.4330708661417,217,10.3087885985748,148,68.2027649769585,17593,14043,79.8215199226965,2080,11.8228841016313,32,0.181890524640482,13,0.0738930256351958,432,2.45552208264651,161,0.915136702097425,832,4.72915364065253,18162,5905,32.5129391036229,1927,32.6333615580017,1491,77.3741567202906,436,22.6258432797094,787,13.3276883996613,348,44.2185514612452,124,15.7560355781449,315,40.0254129606099,2128,36.0372565622354,573,26.9266917293233,136,6.39097744360902,1228,57.7067669172932,191,8.97556390977444,1063,18.0016934801016,617,58.0432737535278,446,41.9567262464723,4316,23.7639026538927,862,19.9721964782206,841,19.4856348470806,484,57.5505350772889,357,42.4494649227111,1551,35.9360518999073,669,15.5004633920297,393,9.10565338276182,3601,19.8271115515912,1662,46.1538461538462,1939,53.8461538461538,2620,14.4257240392027,106,4.04580152671756,1734,66.1832061068702,780,29.7709923664122,1720,9.47032265169034,662,38.4883720930233,541,31.453488372093,517,30.0581395348837,33411,23591,70.6084822363892,326,0.975726557121906,1576,4.71700936817216,307,0.918859058393942,7065,21.145730448056,546,1.63419233186675,33411,21708,64.9726138098231,2.42,16033,73.8575640316934,2.34,157600,5675,26.1424359683066,2.62,783,11703,35.0273861901769,7971,68.1107408356832,3732,31.8892591643168,21708,1277,5.88262391744979,7913,36.4519992629445,7485,34.4803758982863,5033,23.1850009213193,52693,11687,22.1794166208035,18033441830.9531,1032960.67008229
2,AZ,Graham,04,009,04009,Graham County,050,0000017,2972368.35019861,4644.33018001153,37879,8.15596620649955,20330,53.6708994429631,17549,46.3291005570369,33.3,2819,7.44211832413739,2781,7.34179888592624,2965,7.82755616568547,2957,7.80643628395681,2826,7.46059822064996,5722,15.1059954064257,4751,12.5425697616093,4161,10.9849784841205,1814,4.78893318197418,2071,5.46740938250746,2882,7.6084373927506,1562,4.12365690752132,568,1.49951160273502,27546,72.7210327622165,25763,68.0139391219409,6268,16.5474273344069,5012,13.2316059030069,37879,12453,32.875735895879,19286,50.9147548773727,683,1.80310990258455,4745,12.5267298503128,246,0.649436363156366,51,0.134639246020222,0,0,415,1.09559386467436,18593,49.0852451226273,23531,1054,4.47919765415834,2325,9.88058306064341,7028,29.8669839785814,7105,30.1942118906974,2421,10.2885555225022,2272,9.65534826399218,1326,5.63511962942501,35060,27369,78.063320022818,7691,21.936679977182,5712,74.2686256663633,1979,25.7313743336367,1124,56.7963617988883,641,32.3900960080849,214,10.8135421930268,27546,2058,7.47113918536267,1899,92.2740524781341,159,7.72594752186589,185,8.98931000971817,671,32.6044703595724,326,15.8406219630709,541,26.287657920311,335,16.2779397473275,10782,3.12,7604,70.5249489890558,5558,73.0931088900579,1510,19.8579694897422,887,58.7417218543046,3178,29.4750510109442,2709,85.2422907488987,10782,51352,1059,9.82192543127435,604,5.60192914116119,1073,9.95177147097014,974,9.03357447597848,1516,14.0604711556298,2213,20.5249489890558,1615,14.9786681506214,1326,12.2982749026155,288,2.67111853088481,114,1.05731775180857,33458,7122,21.2863889054935,10149,30.3335525135991,13824,41.3174726522805,7604,1237,16.2677538137822,435,35.1657235246564,297,68.2758620689655,665,53.7590945836702,589,88.5714285714286,137,11.0751818916734,117,85.4014598540146,12365,9848,79.6441568944602,1681,13.5948241002831,41,0.33158107561666,10,0.0808734330772341,257,2.07844723008492,123,0.99474322684998,405,3.27537403962798,12837,3563,27.7557061618758,1240,34.8021330339601,896,72.258064516129,344,27.741935483871,446,12.5175413976986,153,34.304932735426,57,12.780269058296,236,52.914798206278,1260,35.3634577603143,280,22.2222222222222,38,3.01587301587302,774,61.4285714285714,168,13.3333333333333,617,17.3168678080269,412,66.77471636953,205,33.22528363047,2693,20.97842174963,452,16.784255477163,611,22.6884515410323,295,48.2815057283142,316,51.7184942716858,789,29.2981804678797,513,19.0493873004085,328,12.1797252135165,2934,22.8558074316429,1361,46.387184730743,1573,53.612815269257,1920,14.9567655994391,153,7.96875,1044,54.375,723,37.65625,1727,13.4532990574122,695,40.2431962941517,484,28.0254777070064,548,31.7313259988419,13416,8475,63.1708407871199,218,1.62492546213476,803,5.98539057841383,343,2.55664877757901,3538,26.3714967203339,39,0.290697674418605,13416,10782,80.3667262969589,3.12,7467,69.2543127434613,3.11,127000,3315,30.7456872565387,3.15,765,2634,19.6332737030411,483,18.3371298405467,2151,81.6628701594533,10782,630,5.84307178631052,3021,28.0189204229271,3676,34.0938601372658,3455,32.0441476534966,34003,4414,12.9812075405111,17111316766.1484,667694.051600125
3,AZ,Greenlee,04,011,04011,Greenlee County,050,0000018,1183847.18103027,1849.76306554101,9504,5.13795532900876,5064,53.2828282828283,4440,46.7171717171717,34.2,697,7.33375420875421,739,7.7756734006734,756,7.95454545454545,717,7.54419191919192,640,6.73400673400673,1382,14.5412457912458,1303,13.7100168350168,1035,10.8901515151515,537,5.65025252525253,543,5.71338383838384,528,5.55555555555556,529,5.56607744107744,98,1.03114478114478,6865,72.2327441077441,6503,68.4238215488216,1450,15.256734006734,1155,12.1527777777778,9504,4414,46.4436026936027,4474,47.0749158249158,203,2.13594276094276,369,3.88257575757576,29,0.30513468013468,0,0,0,0,15,0.157828282828283,5030,52.9250841750842,5955,232,3.89588581024349,426,7.1536523929471,2155,36.1880772460118,1862,31.2678421494542,571,9.58858102434929,550,9.23593618807725,159,2.67002518891688,8807,6891,78.2445781764505,1916,21.7554218235495,1441,75.2087682672234,475,24.7912317327766,223,46.9473684210526,202,42.5263157894737,50,10.5263157894737,6865,624,9.08958485069192,614,98.3974358974359,10,1.6025641025641,78,12.5,165,26.4423076923077,108,17.3076923076923,115,18.4294871794872,158,25.3205128205128,3225,2.92,2379,73.7674418604651,1670,70.1975620008407,340,14.291719209752,163,47.9411764705882,846,26.2325581395349,746,88.1796690307329,3225,60962,117,3.62790697674419,131,4.06201550387597,253,7.84496124031008,248,7.68992248062016,627,19.4418604651163,716,22.2015503875969,454,14.077519379845,504,15.6279069767442,131,4.06201550387597,44,1.36434108527132,9385,1115,11.8806606286628,2222,23.6760788492275,3181,33.8945125199787,2379,214,8.99537620849096,94,43.9252336448598,68,72.3404255319149,93,43.4579439252336,82,88.1720430107527,27,12.6168224299065,27,100,3795,3354,88.3794466403162,265,6.9828722002635,0,0,0,0,70,1.84453227931489,50,1.31752305665349,56,1.47562582345191,3812,924,24.2392444910808,372,40.2597402597403,276,74.1935483870968,96,25.8064516129032,129,13.961038961039,2,1.55038759689922,96,74.4186046511628,31,24.031007751938,347,37.5541125541126,73,21.0374639769452,10,2.88184438040346,253,72.9106628242075,11,3.1700288184438,76,8.22510822510823,56,73.6842105263158,20,26.3157894736842,633,16.6054564533054,62,9.79462875197472,113,17.8515007898894,25,22.1238938053097,88,77.8761061946903,171,27.0142180094787,221,34.913112164297,66,10.4265402843602,414,10.8604407135362,149,35.9903381642512,265,64.0096618357488,1207,31.6631689401889,44,3.64540182270091,665,55.0952775476388,498,41.2593206296603,634,16.6316894018888,154,24.2902208201893,305,48.1072555205047,175,27.602523659306,4435,2748,61.9616685456595,49,1.10484780157835,280,6.31341600901917,55,1.24013528748591,1268,28.5907553551296,35,0.789177001127396,4435,3225,72.71702367531,2.92,1586,49.1782945736434,2.54,82400,1639,50.8217054263566,3.28,474,1210,27.28297632469,334,27.603305785124,876,72.396694214876,3225,92,2.85271317829457,841,26.077519379845,1129,35.0077519379845,1163,36.062015503876,9459,1230,13.0034887408817,6854437890.85156,439775.923581235
4,AZ,La Paz,04,012,04012,La Paz County,050,0000019,2890920.01314462,4517.06702641676,20701,4.5828410069933,10677,51.5772184918603,10024,48.4227815081397,56,961,4.64228781218299,1026,4.95628230520265,880,4.25100236703541,1015,4.90314477561471,909,4.39109221776726,1768,8.54065021013478,1600,7.72909521279165,1969,9.51161779624173,1236,5.97072605188155,1490,7.19771991691223,3883,18.7575479445437,3358,16.2214385778465,606,2.92739481184484,17288,83.5128737742138,16649,80.4260663736051,8943,43.2008115549973,7847,37.9063813342351,20701,5614,27.1194628278827,11973,57.8377856142215,168,0.811554997343123,2346,11.3327858557558,158,0.763248152263176,8,0.0386454760639583,0,0,434,2.09651707646974,8728,42.1622143857785,15910,1318,8.28409805153991,2288,14.3808925204274,5248,32.9855436832181,4185,26.3042111879321,899,5.65053425518542,1324,8.3218101822753,648,4.07291011942175,19740,16046,81.2867274569402,3694,18.7132725430598,2442,66.1072008662696,1252,33.8927991337304,490,39.1373801916933,518,41.3738019169329,244,19.4888178913738,17288,2575,14.8947246645072,2534,98.4077669902913,41,1.59223300970874,47,1.8252427184466,173,6.71844660194175,387,15.0291262135922,706,27.4174757281553,1262,49.0097087378641,8912,2.3,5303,59.504039497307,4010,75.6175749575712,859,16.1983782764473,417,48.5448195576251,3609,40.495960502693,2937,81.3798836242727,8912,33333,1174,13.173249551167,762,8.55026929982047,1499,16.8200179533214,1125,12.6234290843806,1241,13.9250448833034,1420,15.9335727109515,1030,11.5574506283662,454,5.09425493716338,92,1.03231597845601,115,1.29039497307002,20402,4507,22.090971473385,7392,36.2317419860798,10414,51.0440152926184,5303,867,16.3492362813502,394,45.444059976932,93,23.6040609137056,378,43.598615916955,365,96.5608465608466,95,10.957324106113,71,74.7368421052632,6385,4630,72.5137039937353,798,12.4980422866092,46,0.72043852779953,163,2.55285826155051,243,3.80579483163665,125,1.95771339075959,380,5.95144870790916,6466,1630,25.208784410764,650,39.8773006134969,549,84.4615384615385,101,15.5384615384615,228,13.9877300613497,120,52.6315789473684,96,42.1052631578947,12,5.26315789473684,531,32.5766871165644,70,13.1826741996234,97,18.2674199623352,323,60.8286252354049,41,7.72128060263653,221,13.558282208589,69,31.2217194570136,152,68.7782805429864,1802,27.8688524590164,85,4.71698113207547,352,19.5338512763596,128,36.3636363636364,224,63.6363636363636,811,45.0055493895671,397,22.031076581576,157,8.71254162042175,1161,17.9554593257037,574,49.4401378122308,587,50.5598621877692,1076,16.6408908134859,518,48.1412639405204,271,25.185873605948,287,26.6728624535316,797,12.32601299103,174,21.831869510665,331,41.5307402760351,292,36.6373902132999,16274,5487,33.7163573798697,263,1.61607472041293,598,3.6745729384294,192,1.17979599360944,8564,52.623817131621,1170,7.18938183605751,16274,8912,54.7621973700381,2.3,6620,74.2818671454219,2.24,77600,2292,25.7181328545781,2.47,625,7362,45.2378026299619,5041,68.4732409671285,2321,31.5267590328715,8912,617,6.92324955116697,3726,41.8087971274686,3033,34.0327648114901,1536,17.2351885098743,20560,4631,22.5243190661479,16946230853.582,707064.942622519
5,AZ,Maricopa,04,013,04013,Maricopa County,050,0000020,5903010.46356589,9223.46304993829,4253913,461.205620596969,2104145,49.4637525497113,2149768,50.5362474502887,36.1,279161,6.56245202946088,288352,6.77851192537318,298170,7.00931119183679,288250,6.77611413303469,288489,6.78173248959252,616000,14.4807851030334,557229,13.0992100684711,541839,12.7374255185755,251853,5.92050190025043,229293,5.39016665361985,358732,8.43298863893079,183578,4.31550903838419,72967,1.71529130943675,3211668,75.4991463154042,3040472,71.4747104606982,750661,17.6463646529678,615277,14.4637889867517,4253913,1311091,30.8208230868849,2368876,55.68698748658,220519,5.18390949697373,67454,1.5856929843182,172890,4.06425801373935,8337,0.195984262019463,6437,0.151319502773094,98309,2.31102516671121,1885037,44.31301251342,2811491,165555,5.88851253658646,188958,6.72091783327779,634810,22.5791226078974,685299,24.3749313086899,237799,8.45810994948943,571408,20.3240202440627,327662,11.6543855199963,3974752,2903293,73.0433747816216,1071459,26.9566252183784,711113,66.3686617966716,360346,33.6313382033284,155623,43.1871035060747,125451,34.8140398394876,79272,21.9988566544377,3206767,253896,7.91750694702796,231617,91.2251473044081,22279,8.7748526955919,22501,8.86229007152535,59123,23.2863062041151,44360,17.4717207045404,65304,25.7207675583704,62608,24.6589154614488,1520767,2.76,996345,65.5159534629565,722647,72.5297964058634,187345,18.8032257902634,102789,54.8661560223118,524422,34.4840465370435,407270,77.6607388706042,1520767,61606,89567,5.88959386940932,57241,3.76395595117464,128278,8.43508571661537,139146,9.14972510581831,202904,13.3422148166024,281762,18.5276245473501,195265,12.8399024965692,230321,15.1450550939098,94440,6.2100242837989,101843,6.69681811875192,4198378,618496,14.7317845129714,990438,23.5909677499263,1382507,32.9295504120877,996345,105830,10.6218227621958,44705,42.242275347255,29905,66.8940834358573,48172,45.5182840404422,41825,86.8242962716931,12953,12.2394406123028,10062,77.6808461360303,1976339,1507253,76.2649019221905,217539,11.0071703285722,41442,2.09690746374989,16468,0.833257857078163,29957,1.51578246444562,33103,1.67496568149493,130577,6.60701428246875,2004236,753860,37.613334956562,325745,43.2102777704083,202169,62.0635773381019,123576,37.9364226618981,119746,15.8843817154379,66921,55.8857915922035,40700,33.988609222855,12125,10.1255991849415,193472,25.6641816782957,31128,16.0891498511413,19821,10.2448933178961,104004,53.7566159444261,38519,19.9093408865366,114897,15.2411588358581,78595,68.4047451195419,36302,31.5952548804582,360919,18.0078094595646,56649,15.6957655318783,41533,11.507568180118,26836,64.613680687646,14697,35.386319312354,118551,32.8469822868843,87233,24.1696890438021,56953,15.7799949573173,503710,25.1322698524525,232698,46.1968195985786,271012,53.8031804014215,168119,8.38818382665514,6172,3.67120908404166,99566,59.2235261927563,62381,37.105264723202,217628,10.8584019047657,79394,36.4815189221975,68749,31.5901446505045,69485,31.928336427298,1719157,1110357,64.5872948194958,90579,5.26880325647977,172519,10.0350927809386,255508,14.8624005835418,87453,5.08696995097016,2741,0.159438608573853,1719157,1520767,88.460041753022,2.76,933112,61.3579858058467,2.78,242700,587655,38.6420141941533,2.74,1079,198390,11.539958246978,79885,40.2666465043601,118505,59.7333534956399,1520767,93549,6.15143542699177,549622,36.1411051134066,589280,38.7488681698117,288316,18.95859128979,4222760,469151,11.1100559823433,34330860247.7305,979765.241612685
6,AZ,Mohave,04,015,04015,Mohave County,050,0000021,8619416.24079057,13467.8513107268,206064,15.3004362199838,104047,50.4925654165696,102017,49.5074345834304,50.9,9137,4.43405932137588,10058,4.88100784222378,11164,5.417734296141,10146,4.9237130211973,9671,4.69320211196521,20728,10.0590107927634,18970,9.20587778554236,23867,11.582323938194,16181,7.8524147837565,16805,8.15523332556876,34286,16.6385200714341,19369,9.3995069492973,5682,2.75739576054041,169180,82.1007065765976,163596,79.3908688562777,70138,34.0369982141471,59337,28.7954227812718,206064,33481,16.2478647410513,159907,77.6006483422626,2030,0.985130833139219,4344,2.10808292569299,2427,1.17778942464477,446,0.216437611615809,159,0.0771604938271605,3270,1.58688562776613,46157,22.3993516577374,155888,6618,4.24535563994663,16339,10.4812429436519,54288,34.8250025659448,45943,29.4718002668583,12596,8.08016011495433,13083,8.39256389202504,7021,4.50387457661911,196927,175007,88.8689717509534,21920,11.1310282490466,14485,66.081204379562,7435,33.918795620438,3886,52.26630800269,2588,34.808338937458,961,12.9253530598521,169174,24455,14.45553099176,22706,92.8480883254958,1749,7.15191167450419,1126,4.60437538335719,3404,13.9194438765079,3997,16.3443058679207,8618,35.2402371703128,7310,29.8916377019015,85485,2.37,54107,63.2941451716676,40709,75.237954423642,9017,16.6651265085848,4350,48.2422091604747,31378,36.7058548283325,24932,79.4569443559182,85485,43266,6336,7.41182663625197,5230,6.11803240334562,11305,13.2245423173656,11971,14.0036263671989,13642,15.9583552670059,16519,19.3238579867813,9087,10.6299350763292,7572,8.85769433233901,2136,2.49868397964555,1687,1.97344563373691,201965,35296,17.4762953977174,60446,29.9289480850642,86606,42.8816874210878,54107,6277,11.6010867355425,3079,49.0520949498168,1117,36.2780123416694,2471,39.3659391429027,1949,78.874949413193,727,11.5819659072805,543,74.6905089408528,69705,55770,80.008607703895,8498,12.1913779499319,654,0.938239724553475,150,0.21519259737465,872,1.25098629940463,1271,1.8233986084212,2490,3.57219711641919,71244,18232,25.5909269552524,7263,39.8365511189118,5406,74.4320528707146,1857,25.5679471292854,1392,7.63492759982448,629,45.1867816091954,502,36.0632183908046,261,18.75,5309,29.1191311978938,1171,22.0568845356941,405,7.62855528348088,2946,55.4906762102091,787,14.8238839706159,4268,23.4093900833699,2751,64.456419868791,1517,35.543580131209,18125,25.4407388692381,2700,14.8965517241379,2299,12.6841379310345,1324,57.5902566333188,975,42.4097433666812,6965,38.4275862068965,3601,19.8675862068966,2560,14.1241379310345,17274,24.2462523159845,8284,47.9564663656362,8990,52.0435336343638,7351,10.3180618718769,247,3.36008706298463,4199,57.1214800707387,2905,39.5184328662767,10262,14.4040199876481,4009,39.0664587799649,3730,36.3476905086728,2523,24.5858507113623,113876,68810,60.4253749692648,1499,1.31634409357547,7207,6.32881379746391,4618,4.05528820822649,31111,27.3200674417788,631,0.554111489690541,113876,85485,75.0684955565703,2.37,58675,68.6377727086623,2.28,151100,26810,31.3622272913377,2.57,799,28391,24.9315044434297,18537,65.2918178295939,9854,34.7081821704061,85485,4551,5.32374100719424,31504,36.8532491080307,30831,36.065976487103,18599,21.7570333976721,203056,45731,22.5213734142306,52998338424.4805,1335561.89904889
7,AZ,Navajo,04,017,04017,Navajo County,050,0000022,6375991.30980837,9962.4963593949,108705,10.9114218041835,54533,50.1660457200681,54172,49.8339542799319,36.4,7889,7.25725587599466,8221,7.5626696104135,8522,7.83956579734143,7903,7.27013476840992,6517,5.99512441929994,13326,12.2588657375466,11614,10.6839611793386,12378,11.3867807368566,7120,6.54983671404259,6864,6.31433696702084,11184,10.288395198013,5393,4.96113334253254,1774,1.63193965318983,79025,72.6967480796652,74742,68.7567269214848,22103,20.333011361023,18351,16.8814681937353,108705,12329,11.3417046134032,45073,41.4635941309047,788,0.724897658801343,47144,43.3687502874753,685,0.630145807460558,87,0.0800331171519249,117,0.107630743756037,2482,2.28324364104687,63632,58.5364058690953,69653,4452,6.39168449313023,7511,10.7834551275609,20957,30.0877205576213,20403,29.292349216832,5305,7.61632664781129,6509,9.34489541010437,4516,6.48356854693983,100816,63427,62.9136248214569,37389,37.0863751785431,28869,77.2125491454706,8520,22.7874508545294,5105,59.9178403755868,2530,29.6948356807512,885,10.387323943662,79025,7379,9.33755140778235,6833,92.6006233907033,546,7.39937660929665,564,7.64331210191083,1377,18.6610651849844,1347,18.2545060306275,2380,32.2536929123187,1711,23.1874237701586,34407,3.08,23917,69.5120179033336,15945,66.6680603754652,6046,25.2790901868964,2939,48.610651670526,10490,30.4879820966664,8930,85.1286939942803,34407,40054,4747,13.7966111547069,2510,7.29502717470282,4505,13.0932659051937,3546,10.3060423750981,4886,14.2005987153777,6002,17.4441247420583,3804,11.0558897898683,2742,7.96930857093033,1109,3.22318132938065,556,1.61595024268317,105735,30163,28.5269778219133,44094,41.7023691303731,55882,52.850995413061,23917,5347,22.3564828364761,1927,36.0389003179353,1187,61.5983393876492,2821,52.7585561997382,2312,81.9567529244949,599,11.2025434823265,425,70.9515859766277,32649,23973,73.4264449140862,3490,10.6894545009036,359,1.09957425954853,122,0.373671475389752,1572,4.81484884682532,844,2.58507151827008,2289,7.01093448497657,33272,9923,29.8238759317144,3234,32.5909503174443,2448,75.69573283859,786,24.30426716141,703,7.08455104303134,251,35.7041251778094,269,38.2645803698435,183,26.0312944523471,4029,40.6026403305452,738,18.3172002978407,87,2.15934475055845,2683,66.5922065028543,521,12.9312484487466,1957,19.7218583089791,1276,65.2018395503321,681,34.7981604496679,8450,25.396729983169,1690,20,1335,15.7988165680473,774,57.9775280898876,561,42.0224719101124,2700,31.9526627218935,2056,24.3313609467456,669,7.91715976331361,7008,21.0627554700649,3165,45.1626712328767,3843,54.8373287671233,3725,11.195599903823,386,10.3624161073826,1983,53.2348993288591,1356,36.4026845637584,4166,12.5210387112287,1141,27.3883821411426,1923,46.1593855016803,1102,26.4522323571771,57753,39542,68.4674389209219,1181,2.0449154156494,3255,5.63607085346216,938,1.62415805239555,12604,21.8239745121466,233,0.40344224542448,57753,34407,59.5761259155369,3.08,23761,69.0586217920772,3.08,118800,10646,30.9413782079228,3.06,691,23346,40.4238740844631,16994,72.7919129615352,6352,27.2080870384648,34407,3334,9.68988868544192,12307,35.7688842386724,11241,32.6706774784201,7525,21.8705495974656,106276,19010,17.8873875569272,38921002956.6836,1146846.0677311
8,AZ,Pima,04,019,04019,Pima County,050,0000023,5880738.52283945,9188.6631078395,1019722,110.976100443818,501879,49.2172376392782,517843,50.7827623607218,38.3,59040,5.78981330205684,60138,5.89748970797923,61751,6.05567007478509,68894,6.75615510894146,91472,8.97028798044957,127804,12.5332198383481,115922,11.3680002981205,116347,11.4096783240923,63608,6.23777853179592,64494,6.32466495770416,108254,10.616030643646,59322,5.81746789811341,22676,2.22374333396749,801274,78.5776907823897,749979,73.547398212454,228295,22.3879645628907,190252,18.6572418757269,1019722,376826,36.9537972113968,531149,52.0876278044408,32824,3.21891652823024,25076,2.45910159827875,28133,2.75888918744521,1374,0.134742606318193,1180,0.115717813286366,23160,2.2712072506036,488573,47.9123721955592,678427,31049,4.57661620189055,48181,7.10186947158648,152408,22.4649077940589,170580,25.1434568494473,59918,8.83190085300261,124844,18.4019798740321,91447,13.479268955982,960682,687219,71.5344932037865,273463,28.4655067962135,192843,70.518863612262,80620,29.481136387738,40176,49.8337881419003,26499,32.8690151327214,13945,17.2971967253783,795543,84854,10.6661739214599,76760,90.461262875056,8094,9.53873712494402,8347,9.83689631602517,18219,21.4709972423221,14616,17.2248803827751,22358,26.3487873288236,21314,25.118438730054,400907,2.47,246861,61.5756272651762,174763,70.7940906015936,51290,20.776874435411,28031,54.6519789432638,154046,38.4243727348238,121700,79.0023759136881,400907,51037,29813,7.43638799023215,21093,5.26131995699751,44863,11.1903758228218,42515,10.6047038340563,58584,14.6128653278691,73779,18.4030211495434,47184,11.7693130825852,47345,11.8094720221897,18522,4.62002409536376,17209,4.29251671834116,991092,176222,17.7805894911875,279653,28.216653953417,381408,38.4836120158371,246861,30594,12.3932091338851,11669,38.1414656468589,6843,58.6425572028451,15252,49.8529123357521,13071,85.7002360346184,3673,12.005622017389,2556,69.5888919139668,436164,335510,76.9229005603397,43273,9.92126814684385,11018,2.52611403050229,7079,1.62301336194642,9859,2.26038829431131,7655,1.75507377958749,21770,4.99124182646894,440596,160686,36.4701449854288,56222,34.9887357952777,37395,66.5131087474654,18827,33.4868912525346,27016,16.8129146285302,11416,42.2564406277761,10651,39.4247853124075,4949,18.3187740598164,48526,30.1992706271859,7998,16.4818859992581,4445,9.16003791781725,27529,56.7304125623377,8554,17.6276635205869,28922,17.9990789490061,19546,67.5817716617108,9376,32.4182283382892,96369,21.8724182697982,16078,16.6837883551765,14992,15.5568699478048,7090,47.2918890074707,7902,52.7081109925293,30653,31.8079465388247,20572,21.3471136983885,14074,14.6042814598055,103515,23.4943122497708,45976,44.4148191083418,57539,55.5851808916582,38402,8.71592116133601,998,2.5988229779699,22562,58.752148325608,14842,38.6490286964221,41624,9.44720333366621,15966,38.3576782625408,12761,30.6577935806266,12897,30.9845281568326,456962,275350,60.2566515377646,33503,7.33168184663057,38114,8.34073730419597,61823,13.5291337135254,47173,10.3231778572398,999,0.218617740643642,456962,400907,87.7331156638845,2.47,250126,62.3900306056018,2.53,173500,150781,37.6099693943982,2.37,885,56055,12.2668843361155,18635,33.2441352243332,37420,66.7558647756668,400907,33547,8.36777606776634,149933,37.3984490168543,146322,36.4977413714403,71105,17.7360335439391,998748,151924,15.2114447288005,33261878346.4883,863333.277998451
9,AZ,Pinal,04,021,04021,Pinal County,050,0000024,3439382.50395744,5374.04052316256,419721,78.1015696087456,219048,52.1889540909318,200673,47.8110459090682,38.9,24845,5.91940836889267,28352,6.75496341617408,28755,6.85097957929196,25465,6.06712554292018,24054,5.73094984525435,55505,13.2242608780595,55240,13.161123698838,47011,11.2005355938826,23737,5.65542348369512,25850,6.15885314292113,50125,11.9424570131111,24718,5.88915017356768,6064,1.44476926339163,321617,76.6263779987182,307220,73.1962422656955,96599,23.0150504740054,80907,19.2763764500704,419721,125373,29.8705568699207,239869,57.1496303496847,17529,4.17634571536807,17488,4.16657732160173,7075,1.68564355845907,1320,0.314494628574696,494,0.117697232209015,10573,2.51905432418202,179852,42.8503696503153,288250,15423,5.35056374674762,26538,9.20659150043365,85546,29.677710320902,78844,27.3526452732003,27105,9.40329575021683,34853,12.0912402428448,19941,6.91795316565481,394876,314485,79.6414570650027,80391,20.3585429349973,54776,68.1369805077683,25615,31.8630194922317,12258,47.8547725941831,8256,32.2311145813,5101,19.9141128245169,321428,34783,10.8213970158169,32401,93.1518270419458,2382,6.84817295805422,2798,8.04415950320559,8076,23.2182387948136,5110,14.6910847252968,10665,30.6615300577869,8134,23.3849869188972,137286,2.86,95847,69.8155675014204,73557,76.7441860465116,15017,15.6676786962555,7842,52.2208164080709,41439,30.1844324985796,34725,83.7978715702599,137286,55550,10753,7.83255393849336,4717,3.43589295339656,12918,9.40955377824396,14052,10.2355666273327,19215,13.9963288317818,29196,21.2665530352694,19956,14.5360779686203,17693,12.8876943024052,5313,3.87002316332328,3473,2.5297554011334,392300,55859,14.2388478205455,93826,23.916900331379,139151,35.4705582462401,95847,9452,9.861550178931,4168,44.0964875158697,2115,50.7437619961612,4110,43.4828607702074,3697,89.9513381995134,1174,12.420651713923,854,72.7427597955707,147358,115513,78.3893646765021,17320,11.7536882965295,310,0.210372019164212,476,0.323022842329565,2257,1.5316440233988,2758,1.87163235114483,8724,5.92027579093093,150294,45177,30.0590841949778,18686,41.3617548752684,11479,61.4310178743444,7207,38.5689821256556,6572,14.5472253580362,2911,44.2939744370055,2921,44.4461351186853,740,11.2598904443092,12734,28.1869092679904,2260,17.7477618972829,705,5.53635935291346,8341,65.5018061881577,1428,11.214072561646,7185,15.9041104987051,4343,60.4453723034099,2842,39.5546276965901,33675,22.4060840752126,5357,15.9079435783222,7846,23.2991833704529,3142,40.0458832526128,4704,59.9541167473872,8454,25.1046770601336,7594,22.550853749072,4424,13.1373422420193,35949,23.9191185276857,15284,42.5157862527469,20665,57.4842137472531,15487,10.3044699056516,1974,12.7461742106283,7346,47.4333311809905,6167,39.8204946083812,20006,13.3112432964722,7672,38.3484954513646,6565,32.815155453364,5769,28.8363490952714,171368,125490,73.228374025489,2540,1.48219037393212,5367,3.13185658932823,3800,2.21745016572522,32765,19.1196722842071,1406,0.820456561318332,171368,137286,80.1118061715139,2.86,102115,74.3812187695759,2.73,169800,35171,25.6187812304241,3.25,1037,34082,19.8881938284861,19819,58.1509301097353,14263,41.8490698902647,137286,5973,4.35077138236965,52005,37.8807744416765,52024,37.8946141631339,27284,19.87384001282,393843,59854,15.197426385641,19802552409.125,716188.740463688
10,AZ,Santa Cruz,04,023,04023,Santa Cruz County,050,0000025,792445.978183646,1238.19807604302,46584,37.6224134904743,22285,47.8383135840632,24299,52.1616864159368,36.6,3342,7.17413704276146,3836,8.23458698265499,3350,7.19131032114031,3793,8.14228061136871,3035,6.51511248497338,4924,10.5701528421776,5204,11.1712175854371,5500,11.8066288854542,2784,5.9763008758372,2925,6.2789799072643,4644,9.96908809891808,2396,5.14339687446333,851,1.82680748754937,33712,72.3681950884424,31626,67.8902627511592,9298,19.9596427958097,7891,16.9392924609308,46584,38899,83.5029194573244,6928,14.8720590760776,100,0.214665979735532,99,0.212519319938176,392,0.841490640563284,0,0,18,0.0386398763523957,148,0.317705650008587,39656,85.1279409239224,29228,3404,11.6463664978787,3723,12.7377856849596,7957,27.2238948953059,6308,21.582044614753,1698,5.80949774189134,3993,13.6615574107021,2145,7.33885315450937,43242,8771,20.2835206512187,34471,79.7164793487813,22828,66.2237823097676,11643,33.7762176902324,5982,51.3785106931203,3438,29.5284720432878,2223,19.0930172635919,33689,1681,4.989759268604,1559,92.7424152290303,122,7.25758477096966,75,4.46162998215348,432,25.698988697204,255,15.1695419393218,423,25.1635930993456,496,29.506246281975,15430,2.99,11626,75.3467271548931,8003,68.8370892826424,2542,21.8647858248753,1434,56.4122738001574,3804,24.6532728451069,3303,86.8296529968454,15430,40467,1455,9.42968243681141,1032,6.68826960466623,2185,14.1607258587168,2236,14.4912508101102,2323,15.0550874918989,2519,16.3253402462735,1485,9.62410887880752,1314,8.51587815942968,507,3.28580686973428,374,2.42384964355152,46214,11080,23.9754187042887,19213,41.5739819102437,25061,54.2281559700524,11626,2313,19.8950627902976,1162,50.2377864245569,724,62.3063683304647,744,32.1660181582361,693,93.1451612903226,407,17.5961954172071,338,83.046683046683,17036,14404,84.5503639351961,1324,7.77177741253815,54,0.31697581591923,24,0.140878140408547,237,1.3911716365344,333,1.95468419816858,660,3.87414886123503,17233,4370,25.3583241455347,1777,40.6636155606407,1202,67.6420934158694,575,32.3579065841306,221,5.05720823798627,94,42.5339366515837,53,23.9819004524887,74,33.4841628959276,1679,38.4210526315789,169,10.0655151876117,170,10.1250744490768,1184,70.5181655747469,156,9.29124478856462,693,15.858123569794,325,46.8975468975469,368,53.1024531024531,3667,21.2789415656009,582,15.8712844286883,475,12.9533678756477,139,29.2631578947368,336,70.7368421052632,1026,27.979274611399,1220,33.2697027542951,364,9.92637032997,4674,27.122381477398,2380,50.9199828840394,2294,49.0800171159606,1975,11.4605698369408,130,6.58227848101266,1277,64.6582278481013,568,28.7594936708861,2547,14.7797829745256,679,26.6588142913231,781,30.6635257165293,1087,42.6776599921476,18255,13719,75.152013147083,703,3.85099972610244,1816,9.94795946316078,906,4.96302382908792,1059,5.80115036976171,52,0.284853464804163,18255,15430,84.5247877293892,2.99,10212,66.1827608554763,2.98,148500,5218,33.8172391445237,3.02,666,2825,15.4752122706108,849,30.0530973451327,1976,69.9469026548673,15430,805,5.21710952689566,4670,30.2657161373947,6124,39.6889176928062,3831,24.8282566429034,46251,5750,12.4321636288945,4426873096.02734,297991.16693319
11,AZ,Yavapai,04,025,04025,Yavapai County,050,0000026,5201549.48188236,8127.42917273876,224645,27.6403516075551,109795,48.8748914954706,114850,51.1251085045294,52.9,9547,4.2498163769503,10236,4.55652251329876,11144,4.96071579603374,11708,5.21177858398807,10197,4.53916178859979,20567,9.15533397137706,19769,8.80010683522892,25418,11.3147410358566,17332,7.7152841149369,21877,9.73847626254758,40067,17.8356963208618,19603,8.72621246856151,7180,3.196153931759,186874,83.1863607024416,179428,79.8717977252999,80456,35.8147299071869,66850,29.7580627211823,224645,32461,14.4499098577756,181227,80.6726167953883,1224,0.54485966747535,2659,1.18364530704,2166,0.964187940973536,191,0.0850230363462352,132,0.0587593759042044,4585,2.0409980190968,43418,19.3273832046117,171813,4544,2.64473584653082,12079,7.03031784556465,44214,25.7337919715039,50935,29.6456030684523,16771,9.761193856111,25694,14.954630906858,17576,10.2297265049793,215098,192169,89.3402077192721,22929,10.6597922807279,15518,67.6784857603908,7411,32.3215142396092,4062,54.8104169477803,2510,33.8685737417353,839,11.3210093104844,186809,26329,14.0940746966153,24563,93.2925671313001,1766,6.70743286869991,1397,5.3059364199172,3679,13.9731854608986,4232,16.0735310873941,9322,35.4058262752098,7699,29.2415207565802,96007,2.29,60712,63.2370556313602,49386,81.3447094478851,7898,13.0089603373303,3537,44.7834894910104,35295,36.7629443686398,28697,81.3061340133163,96007,50180,5899,6.14434364160947,4993,5.20066245169623,11346,11.8178882789797,10962,11.4179174435197,14623,15.2311810597144,20430,21.2796983553283,10974,11.4304165321279,10737,11.1835595321174,3267,3.4028768735613,2776,2.89145583134563,220076,30813,14.0010723568222,53818,24.4542794307421,76339,34.6875624784165,60712,5337,8.79068388456977,3110,58.2724376990819,1369,44.0192926045016,1743,32.6587970770096,1322,75.8462421113024,484,9.06876522390856,376,77.6859504132231,82379,62794,76.2257371417473,9063,11.0015902110975,323,0.392090217166996,641,0.778110926328312,2357,2.86116607387805,1015,1.23211012515326,6186,7.50919530462861,84142,26549,31.5526134391861,10314,38.8489208633094,7021,68.0725227845647,3293,31.9274772154353,2965,11.1680289276432,1164,39.2580101180438,1086,36.6273187183811,715,24.114671163575,8485,31.9597724961392,1445,17.0300530347672,579,6.82380671773718,4868,57.3718326458456,1593,18.77430760165,4785,18.0232777129082,2924,61.1076280041797,1861,38.8923719958203,19321,22.9623731311355,3552,18.3841416075772,1778,9.20242223487397,1011,56.8616422947132,767,43.1383577052868,6020,31.1578075668961,5129,26.5462450183738,2842,14.7093835722789,19593,23.2856361864467,9344,47.6905017097943,10249,52.3094982902057,9151,10.8756625704167,408,4.45852912250027,5419,59.217571850071,3324,36.3238990274287,9528,11.323714672815,3772,39.5885810243493,3313,34.7712006717044,2443,25.6402183039463,115213,76092,66.0446303802522,3762,3.26525652487133,8803,7.64063083159019,3624,3.14547837483617,22235,19.2990374350117,697,0.604966453438414,115213,96007,83.330006162499,2.29,69055,71.9270469861573,2.25,231600,26952,28.0729530138427,2.38,927,19206,16.669993837501,11984,62.3971675518067,7222,37.6028324481933,96007,3747,3.9028404178862,32644,34.0016873769621,38586,40.1908194194173,21030,21.9046527857344,223086,40778,18.2790493352339,31146006873.6992,899620.276689226
12,AZ,Yuma,04,027,04027,Yuma County,050,0000027,3534650.26866134,5522.89655399972,207829,37.6304350385648,106973,51.4716425522906,100856,48.5283574477094,34.3,15212,7.31947899475049,14670,7.05868767111423,14650,7.0490643750391,14852,7.146259665398,17626,8.48101083101973,28730,13.8238648119367,22608,10.8781738833368,21834,10.5057523252289,9951,4.78807096218526,10267,4.94011904017245,19055,9.16859533558839,14911,7.17464838881965,3463,1.66627371541027,154558,74.3678697390643,145311,69.9185387987239,43293,20.831067849049,37429,18.0095174398183,207829,131670,63.3549697106756,65155,31.3502927887831,3569,1.7172771846085,1887,0.907957984689336,2419,1.16393766028803,99,0.0476353155719365,61,0.029351053029173,2969,1.42857830235434,142674,68.6497072112169,130819,18357,14.0323653291953,18095,13.8320886109816,33924,25.932012933901,31847,24.3443230723366,9281,7.0945351974866,12716,9.72030056796031,6599,5.04437428813857,192617,89108,46.2617525971228,103509,53.7382474028772,62232,60.1223082050836,41277,39.8776917949164,14084,34.1206967560627,13764,33.3454466167599,13429,32.5338566271774,150963,15280,10.1216854461027,14032,91.8324607329843,1248,8.16753926701571,2516,16.4659685863874,3140,20.5497382198953,2047,13.3965968586387,3130,20.4842931937173,4447,29.1034031413613,72463,2.79,54354,75.00931509874,40581,74.6605585605475,9607,17.6748721345255,5424,56.4588321015926,18109,24.99068490126,14486,79.9933734607101,72463,44058,5807,8.01374494569643,3969,5.47727805914743,9515,13.1308391868954,9737,13.4372024343458,11156,15.3954431916978,13486,18.6108772752991,8239,11.3699405213695,6901,9.52348094889806,2359,3.25545450781778,1294,1.78573892883265,202390,40591,20.0558327980631,70454,34.811008449034,97328,48.089332476901,54354,9485,17.4504176325569,4458,47.0005271481286,2642,59.2642440556303,4082,43.0363732208751,3623,88.7555120039196,945,9.96309963099631,644,68.1481481481482,77625,63337,81.5935587761675,7919,10.2016103059581,1478,1.90402576489533,301,0.387761674718196,1654,2.13075684380032,897,1.15555555555556,2039,2.62673107890499,75912,19360,25.5032142480767,7391,38.176652892562,5447,73.6977404951969,1944,26.3022595048031,2128,10.9917355371901,789,37.0770676691729,1025,48.1672932330827,314,14.7556390977444,6782,35.0309917355372,1680,24.7714538484223,288,4.24653494544382,4122,60.7785314066647,692,10.2034797994692,3059,15.8006198347107,1823,59.5946387708401,1236,40.4053612291599,16912,22.278427653072,2240,13.2450331125828,3484,20.600756859035,1267,36.3662456946039,2217,63.6337543053961,5124,30.2980132450331,4258,25.1773888363292,1806,10.6788079470199,15479,20.3907155653915,6852,44.2664254796821,8627,55.7335745203179,14106,18.5820423648435,6420,45.5125478519779,4059,28.7749893662271,3627,25.712462781795,10055,13.2456001686163,3635,36.1511685728493,2894,28.7817006464446,3526,35.0671307807061,91685,48082,52.4426023886132,2799,3.05284397665921,7382,8.05148061296831,4179,4.55799749141081,27407,29.8925669411572,1836,2.00250858919125,91685,72463,79.0347385068441,2.79,48612,67.0852711038737,2.8,122000,23851,32.9147288961263,2.78,854,19222,20.9652614931559,12557,65.3261887420664,6665,34.6738112579336,72463,4328,5.97270331065509,26404,36.4379062418062,26814,37.0037122393497,14917,20.585678208189,201230,24108,11.980321025692,20274870106.3516,670267.243992082
13,AZ,Apache,04,001,04001,Apache County,050,0000013,7187036.99592749,11229.7565080772,71522,6.36897157552407,35240,49.2715528089259,36282,50.7284471910741,34.7,4908,6.86222421073236,5528,7.72909034982243,5833,8.15553256340706,5845,8.17231061771203,4982,6.96568887894634,8881,12.4171583568692,7687,10.7477419535248,8676,12.1305332624927,4424,6.18550935376527,4338,6.06526663124633,6183,8.64489248063533,3200,4.47414781465843,1037,1.44990352618775,51691,72.2728670898465,48225,67.4268057380946,13001,18.1776236682419,10420,14.5689438214815,71522,4445,6.21487094879897,13102,18.3188389586421,513,0.717261821537429,52307,73.1341405441682,286,0.399876960935097,14,0.0195743966891306,21,0.0293615950336959,834,1.16607477419535,58420,81.6811610413579,44426,4410,9.92661954711205,4675,10.5231170935938,14708,33.1067392968082,12196,27.4523927429883,3248,7.31103407914284,3408,7.67118354116958,1781,4.00891369918516,66614,30542,45.8492208844988,36072,54.1507791155012,25958,71.9616322909736,10114,28.0383677090264,6355,62.8336958671149,2699,26.6857820842397,1060,10.4805220486454,51690,2902,5.61423873089572,2638,90.9028256374914,264,9.09717436250861,238,8.20124052377671,447,15.4031702274294,703,24.2246726395589,889,30.6340454858718,625,21.5368711233632,20395,3.44,13759,67.4626133856337,8096,58.8414855730794,4170,30.3074351333673,1669,40.0239808153477,6636,32.5373866143663,5984,90.1748040988547,20395,32963,4280,20.9855356705075,1534,7.52145133611179,2682,13.150281931846,2100,10.2966413336602,2711,13.2924736455013,3217,15.7734738906595,1794,8.79627359646972,1553,7.61461142436872,395,1.93674920323609,129,0.632507967639127,70184,24761,35.2801208252593,35087,49.992875869144,42944,61.1877350963182,13759,3878,28.1851878770259,1346,34.708612686952,820,60.9212481426449,1909,49.2264053635895,1313,68.7794656888423,623,16.0649819494585,352,56.5008025682183,18161,14073,77.4902263091239,1479,8.14382467925775,192,1.0572105060294,43,0.236771102912835,939,5.17042013105005,240,1.32151313253675,1195,6.58003413908926,18365,5758,31.3531173427716,1705,29.6109760333449,1368,80.2346041055718,337,19.7653958944282,463,8.04098645362973,234,50.5399568034557,179,38.6609071274298,50,10.7991360691145,2533,43.9909690864884,452,17.8444532175286,48,1.89498618239242,1773,69.99605211212,260,10.2645084879589,1057,18.357068426537,570,53.926206244087,487,46.073793755913,4548,24.7644976858154,1432,31.4863676341249,645,14.1820580474934,283,43.8759689922481,362,56.1240310077519,1261,27.726473175022,870,19.1292875989446,340,7.47581354441513,3561,19.3901442962156,1384,38.8654872226903,2177,61.1345127773097,2159,11.7560577184863,149,6.90134321445113,1510,69.9397869383974,500,23.1588698471515,2339,12.7361829567111,899,38.4352287302266,904,38.6489952971355,536,22.9157759726379,32809,22877,69.7278185863635,501,1.52702002499314,1669,5.08701880581548,182,0.554725837422658,7525,22.9357798165138,55,0.167636928891463,32809,20395,62.162821177116,3.44,15988,78.3917626869331,3.4,62300,4407,21.6082373130669,3.58,486,12414,37.837178822884,6169,49.6938939906557,6245,50.3061060093443,20395,2460,12.061779848002,7443,36.4942387840157,6208,30.4388330473155,4284,21.0051483206668,70781,10427,14.7313544595301,43841233707.7305,1216526.09042541
14,AZ,Cochise,04,003,04003,Cochise County,050,0000014,3982656.39054538,6222.90681771987,126279,20.292606606356,64135,50.7883337688768,62144,49.2116662311231,40.6,7645,6.05405491015925,8090,6.40644921166623,7439,5.89092406496726,7942,6.28924841026616,7696,6.09444167280387,16031,12.6949057246256,13645,10.8054387507028,14292,11.3177963081748,7370,5.836283150801,9579,7.58558430142779,15312,12.1255315610672,8567,6.78418422698944,2671,2.11515770634864,98483,77.9884224613752,93396,73.960040861901,32326,25.5988723382352,26550,21.0248734944052,126279,44598,35.3170360867603,69712,55.2047450486621,4455,3.52790250160359,1253,0.992247325366846,2333,1.84749641666469,420,0.332596868838049,291,0.230442116266363,3217,2.5475336358381,56567,44.7952549513379,87467,4885,5.58496347193799,6330,7.23701510283879,20560,23.5060079801525,25538,29.1972972663976,10038,11.4763282152126,12527,14.3219728583351,7589,8.67641510512536,118634,84219,70.9906097746009,34415,29.0093902253991,23627,68.6532035449659,10788,31.3467964550341,5380,49.870226177234,3269,30.3021876158695,2139,19.8275862068966,94780,18278,19.284659210804,15673,85.7478936426305,2605,14.2521063573695,1687,9.2296750191487,4834,26.4470948681475,3713,20.3140387350914,4354,23.8209869788817,3690,20.1882043987307,49250,2.38,32319,65.6223350253807,24337,75.3024536650268,5693,17.6150252173644,3159,55.4891972597927,16931,34.3776649746193,14586,86.1496662925994,49250,48649,3562,7.23248730964467,3285,6.67005076142132,6294,12.7796954314721,5372,10.907614213198,6798,13.8030456852792,9276,18.8345177664975,6037,12.2578680203046,5714,11.6020304568528,1582,3.21218274111675,1330,2.7005076142132,117265,20192,17.2191190892423,34360,29.3011555024944,47428,40.4451456103697,32319,4276,13.2306073826542,1580,36.9504209541628,919,58.1645569620253,2137,49.976613657624,1872,87.5994384651381,559,13.0729653882133,455,81.3953488372093,46139,36351,78.7858427794274,4722,10.2342920306032,351,0.760744706213832,236,0.511497865146622,1291,2.79806671145885,1106,2.39710440191595,2082,4.51245150523418,43097,14526,33.7053623222034,5071,34.9098168800771,3415,67.343719187537,1656,32.656280812463,3242,22.3186011290101,1988,61.3201727328809,975,30.0740283775447,279,8.60579888957434,4164,28.6658405617513,902,21.6618635926993,159,3.81844380403458,2537,60.9269932756965,566,13.5926993275696,2049,14.1057414291615,1258,61.3958028306491,791,38.6041971693509,10817,25.099194839548,1907,17.6296570213553,2776,25.6633077563095,787,28.350144092219,1989,71.649855907781,2976,27.5122492373116,1874,17.3245816769899,1284,11.8702043080337,9718,22.5491333503492,4342,44.6799753035604,5376,55.3200246964396,4274,9.91716360767571,681,15.9335517080019,2178,50.9592887225082,1415,33.1071595694899,3762,8.72914588022368,1103,29.3195108984583,1303,34.6358320042531,1356,36.0446570972887,60883,38818,63.7583561913835,1481,2.4325345334494,3521,5.78322355994284,3949,6.48621125765813,12749,20.9401639209632,365,0.599510536602993,60883,49250,80.8928600758832,2.38,34066,69.1695431472081,2.35,143800,15184,30.8304568527919,2.44,810,11633,19.1071399241167,2413,20.7427146909654,9220,79.2572853090346,49250,2733,5.5492385786802,16006,32.4994923857868,18027,36.6030456852792,12484,25.3482233502538,116140,19874,17.1121060788703,22399855585.0313,602282.029866506
15,AZ,Coconino,04,005,04005,Coconino County,050,0000015,11941879.5533846,18659.2054151501,140217,7.51462867149492,68918,49.150958870893,71299,50.849041129107,30.6,7860,5.60559703887546,7838,5.58990707260889,8780,6.26172290093213,16137,11.5085902565309,17483,12.4685309199312,19255,13.7322863846752,15166,10.8160921999472,14976,10.6805879458268,8520,6.07629602687263,7943,5.66479100251753,10448,7.45130761605226,4284,3.05526434027258,1527,1.0890262949571,110570,78.8563440952238,94962,67.7250262093755,21055,15.0160108973948,16259,11.5955982512819,140217,19666,14.0254034817462,75820,54.0733291968877,1704,1.21525920537453,36365,25.9348010583595,2767,1.97336984816392,176,0.12551973013258,267,0.190419136053403,3452,2.4618983432822,64397,45.9266708031123,82119,3407,4.14885714633641,5108,6.22024135705501,17604,21.4371826252146,19355,23.5694540849255,7391,9.00035314604416,17349,21.1266576553538,11905,14.4972539850704,132357,99786,75.3915546589905,32571,24.6084453410095,25238,77.4861072733413,7333,22.5138927266587,4464,60.8754943406518,2147,29.2786035728897,722,9.84590208645848,110450,7209,6.52693526482571,6506,90.2483007351921,703,9.75169926480788,835,11.5827437924816,1794,24.8855597170204,1300,18.0330142876959,2065,28.6447496185324,1215,16.8539325842697,47276,2.68,29278,61.9299433116169,20881,71.3197622788442,5810,19.8442516565339,2455,42.2547332185886,17998,38.0700566883831,11830,65.7295255028337,47276,57616,3867,8.17962602589052,2467,5.21829257974448,4477,9.46992131313986,4217,8.91995938742702,5851,12.3762585667146,8655,18.30738641171,6491,13.7300109992385,6493,13.7342414755902,2391,5.05753447838227,2367,5.00676876216262,127640,24168,18.9345032905045,37296,29.2196803509872,49457,38.74725791288,29278,3195,10.9126306441697,1437,44.9765258215962,926,64.4398051496173,1355,42.4100156494523,1025,75.6457564575646,403,12.6134585289515,256,63.5235732009926,65014,45174,69.4834958624296,7323,11.2637278124712,1002,1.54120650936721,1452,2.23336512135848,5913,9.0949641615652,1107,1.70271018549851,3043,4.68053034730981,66310,23939,36.1016437942995,8747,36.5387025356113,5779,66.0683662970161,2968,33.9316337029839,3531,14.7499895567902,1183,33.5032568677428,1137,32.2005097706032,1211,34.2962333616539,7938,33.1592798362505,1171,14.7518266565886,572,7.2058453010834,5035,63.4290753338372,1160,14.6132527084908,3723,15.552028071348,2498,67.0964276121408,1225,32.9035723878593,15153,22.8517568994119,1649,10.8823335313139,1422,9.38428034052663,864,60.7594936708861,558,39.2405063291139,6917,45.6477265228008,3219,21.2433181548208,1946,12.8423414505378,15032,22.6692806514854,6719,44.6979776476849,8313,55.3020223523151,5276,7.95656763685719,418,7.9226686884003,3158,59.8559514783927,1700,32.221379833207,6910,10.420751017946,3085,44.6454413892909,2034,29.4356005788712,1791,25.9189580318379,65438,41102,62.8105993459458,3618,5.52889758244445,7210,11.0180628992329,4878,7.45438430269874,8568,13.0933096977291,62,0.0947461719490204,65438,47276,72.2454842751918,2.68,28637,60.5740756409172,2.79,261300,18639,39.4259243590828,2.5,1131,18162,27.7545157248082,13258,72.9985684395992,4904,27.0014315604008,47276,2368,5.00888400033844,14779,31.261105000423,17906,37.8754547762078,12223,25.8545562230307,139384,16525,11.8557366699191,73715430555.6367,1567003.09428445
